City_ID,City,Lat,Lng,Max Temp,Humidity,Cloudiness,Wind Speed,Country,Date
0,calabozo,8.9242,-67.4293,24.5,89,100,0.78,VE,1726210797
1,hasaki,35.7333,140.8333,27.95,78,0,9.45,JP,1726210799
2,olonkinbyen,70.9221,-8.7187,2.18,95,100,12.59,SJ,1726210800
3,puerto natales,-51.7236,-72.4875,2.22,85,100,8.09,CL,1726210801
4,adamstown,-25.066,-130.1015,19.33,70,3,7.63,PN,1726210802
5,papatowai,-46.5619,169.4708,5.49,80,91,1.82,NZ,1726210803
6,bel ombre,-4.6167,55.4167,28.91,74,40,7.2,SC,1726210804
7,udachny,66.4167,112.4,2.23,58,100,10.11,RU,1726210805
8,al kharj,24.155,47.3346,36.32,11,0,2.94,SA,1726210807
9,iqaluit,63.7506,-68.5145,3.85,93,100,2.57,CA,1726210808
10,cockburn town,21.4612,-71.1419,28.61,78,70,5.19,TC,1726210809
11,richards bay,-28.783,32.0377,24.9,67,12,4.13,ZA,1726210810
12,aripuana,-9.1667,-60.6333,24.98,34,2,0.76,BR,1726210811
13,cidreira,-30.1811,-50.2056,17.15,96,100,4.08,BR,1726210812
14,hawaiian paradise park,19.5933,-154.9731,23.28,96,0,1.26,US,1726210813
15,smithers,54.7804,-127.1743,11.18,82,100,1.03,CA,1726210803
16,port elizabeth,-33.918,25.5701,17.16,87,0,8.23,ZA,1726210815
17,sur,22.5667,59.5289,36.24,29,4,3.76,OM,1726210817
18,moree,-29.4667,149.85,19.58,48,11,6.38,AU,1726210818
19,kapa'a,22.0752,-159.319,25.05,75,12,4.61,US,1726210819
20,grytviken,-54.2811,-36.5092,1.6,79,99,2.76,GS,1726210820
21,mahdia,35.5047,11.0622,26.56,58,0,6.18,TN,1726210821
22,port-aux-francais,-49.35,70.2167,1.86,86,94,12.12,TF,1726210822
23,qamdo,31.1667,97.2333,17.41,43,100,3.01,CN,1726210823
24,tura,25.5198,90.2201,31.5,72,86,0.53,IN,1726210824
25,badger,64.8,-147.5333,10.95,89,100,0.0,US,1726210826
26,warrenton,-28.114,24.8475,23.41,8,5,2.93,ZA,1726210827
27,waitangi,-43.9535,-176.5597,9.34,86,100,3.13,NZ,1726210828
28,aykhal,66.0,111.5,0.93,66,100,10.44,RU,1726210829
29,margaret river,-33.95,115.0667,21.94,45,0,5.14,AU,1726210830
30,constantia,44.1833,28.65,22.38,71,100,5.69,RO,1726210831
31,tafresh,34.692,50.013,26.64,17,0,2.81,IR,1726210832
32,ardakan,32.31,54.0175,34.46,9,1,3.04,IR,1726210833
33,tocopilla,-22.092,-70.1979,15.24,79,12,3.77,CL,1726210834
34,hamilton,39.1834,-84.5333,20.41,70,81,0.89,US,1726210836
35,puerto ayora,-0.7393,-90.3518,20.31,98,65,1.34,EC,1726210837
36,port saint john's,-31.6229,29.5448,23.31,67,5,1.45,ZA,1726210838
37,bethel,41.3712,-73.414,14.81,86,6,0.64,US,1726210839
38,vorkuta,67.5,64.0,17.87,65,91,3.19,RU,1726210840
39,wailua homesteads,22.0669,-159.378,24.3,92,17,4.18,US,1726210841
40,al kharijah,25.4514,30.5464,32.43,44,3,6.91,EG,1726210842
41,gadzhiyevo,69.2551,33.3362,17.08,73,22,4.39,RU,1726210843
42,corner brook,48.9667,-57.9484,8.34,98,14,2.34,CA,1726210844
43,stanley,54.868,-1.6985,2.01,93,20,2.06,GB,1726210846
44,taoudenni,22.6783,-3.9836,31.73,16,3,2.2,ML,1726210847
45,tiksi,71.6872,128.8694,2.77,72,47,3.08,RU,1726210848
46,manaure,11.7751,-72.4445,27.79,80,100,3.18,CO,1726210849
47,saint-philippe,-21.3585,55.7679,21.89,85,95,6.46,RE,1726210850
48,san antonio de pale,-1.4014,5.6325,23.98,83,100,5.84,GQ,1726210851
49,porto novo,6.4965,2.6036,24.9,91,100,2.16,BJ,1726210852
50,thompson,55.7435,-97.8558,13.09,82,75,2.06,CA,1726210853
51,weno,7.4515,151.8468,27.55,82,100,9.76,FM,1726210855
52,lazaro cardenas,17.9583,-102.2,25.67,91,92,1.8,MX,1726210856
53,sitka,57.0531,-135.33,11.79,94,100,2.83,US,1726210857
54,susanville,40.4163,-120.653,8.06,46,0,1.77,US,1726210858
55,avarua,-21.2078,-159.775,24.03,83,75,2.57,CK,1726210859
56,port alfred,-33.5906,26.891,18.99,79,0,2.68,ZA,1726210860
57,nogliki,51.8333,143.1667,10.81,68,100,6.81,RU,1726210861
58,atafu village,-8.5421,-172.5159,28.57,75,11,6.77,TK,1726210862
59,yellowknife,62.456,-114.3525,10.23,96,0,3.09,CA,1726210864
60,ust-nera,64.5667,143.2,5.72,91,100,2.95,RU,1726210865
61,ramadi,33.4226,43.3058,35.04,21,0,8.01,IQ,1726210866
62,saipan,15.1355,145.701,29.22,80,100,7.08,MP,1726210867
63,anadyr,64.75,177.4833,8.28,93,75,7.0,RU,1726210868
64,edinburgh of the seven seas,-37.0676,-12.3116,14.26,94,99,14.16,SH,1726210869
65,vilyuchinsk,52.9306,158.4028,11.15,65,64,3.82,RU,1726210870
66,dudinka,69.4058,86.1778,6.06,51,6,7.38,RU,1726210871
67,egilsstadir,65.2653,-14.3948,3.95,60,75,5.14,IS,1726210873
68,mesolongi,38.3702,21.4295,25.05,71,0,6.35,GR,1726210874
69,kenai,60.5544,-151.2583,9.52,100,100,2.06,US,1726210641
70,ilulissat,69.2167,-51.1,0.01,80,77,0.0,GL,1726210876
71,bikenibeu village,1.3673,173.1241,28.98,70,75,3.09,KI,1726210877
72,invercargill,-46.4,168.35,7.23,84,100,2.24,NZ,1726210878
73,blackmans bay,-43.0167,147.3167,11.07,65,99,3.32,AU,1726210881
74,st. john's,47.5649,-52.7093,12.53,93,100,2.68,CA,1726210882
75,kidatu,-7.6992,36.9572,29.24,42,100,2.11,TZ,1726210883
76,codrington,-38.2667,141.9667,13.41,72,20,6.87,AU,1726210885
77,yingchuan,34.1628,113.4639,26.71,55,0,3.61,CN,1726210886
78,mugia,43.1041,-9.2179,14.39,67,100,8.02,ES,1726210887
79,belyy yar,53.6039,91.3903,10.94,71,0,5.0,RU,1726210888
80,kirakira,-10.4544,161.9205,27.32,84,25,5.0,SB,1726210889
81,petropavlovsk-kamchatsky,53.0452,158.6483,10.33,66,75,3.0,RU,1726210890
82,hadibu,12.65,54.0333,28.29,68,19,10.17,YE,1726210891
83,nadi,-17.8,177.4167,27.0,78,40,3.6,FJ,1726210892
84,kodiak,57.79,-152.4072,10.14,74,1,8.36,US,1726210894
85,college,64.8569,-147.8028,10.99,88,100,0.0,US,1726210801
86,novyy urengoy,66.0833,76.6333,19.27,63,31,6.85,RU,1726210897
87,luderitz,-26.6481,15.1594,14.37,56,0,4.8,NA,1726210898
88,isafjordur,66.0755,-23.124,2.2,73,89,1.76,IS,1726210899
89,west island,-12.1568,96.8225,27.99,74,75,8.75,CC,1726210900
90,lincheng,19.9078,109.6858,30.36,66,65,3.44,CN,1726210901
91,byron bay,-28.65,153.6167,17.14,71,100,8.12,AU,1726210801
92,basco,20.4487,121.9702,29.22,80,0,7.29,PH,1726210904
93,punta arenas,-53.15,-70.9167,1.06,93,40,11.32,CL,1726210905
94,vorgashor,67.5833,63.95,17.8,65,86,3.27,RU,1726210906
95,margate,51.3813,1.3862,12.05,77,8,0.45,GB,1726210907
96,colonia,50.9333,6.95,9.47,91,100,2.06,DE,1726210908
97,alofi,-19.0595,-169.9187,22.94,88,40,3.6,NU,1726210909
98,kalevala,65.2,31.1667,19.24,69,31,3.71,RU,1726210910
99,copala,16.65,-98.9833,25.85,86,10,1.45,MX,1726210911
100,newman,37.3138,-121.0208,18.36,67,0,1.31,US,1726210913
101,tromso,69.6496,18.957,13.01,54,20,5.14,NO,1726210914
102,salamanca,40.8333,-6.0,10.68,69,0,8.16,ES,1726210915
103,tiquipaya,-17.3382,-66.2189,16.4,45,47,2.06,BO,1726210916
104,klaksvik,62.2266,-6.589,7.59,63,11,7.01,FO,1726210917
105,albany,42.6001,-73.9662,16.36,71,16,0.79,US,1726210918
106,port lincoln,-34.7333,135.8667,14.52,58,6,3.51,AU,1726210921
107,bastogne,50.0035,5.7184,6.77,90,34,2.78,BE,1726210922
108,la sarre,48.8002,-79.1996,15.33,94,51,2.6,CA,1726210923
109,ribeira grande,38.5167,-28.7,23.22,78,20,6.17,PT,1726210924
110,north bend,43.4065,-124.2243,14.03,94,0,3.09,US,1726210925
111,tafuna,-14.3358,-170.72,26.85,83,26,9.65,AS,1726210926
112,filey,54.21,-0.2892,9.05,84,8,2.7,GB,1726210927
113,enewetak,11.3474,162.3373,28.85,77,100,4.94,MH,1726210928
114,midvagur,62.0511,-7.1939,6.46,75,20,1.54,FO,1726210930
115,vadso,70.0744,29.7487,15.09,63,0,0.51,NO,1726210932
116,khandyga,62.6667,135.6,6.56,70,100,3.92,RU,1726210933
117,remire-montjoly,4.9167,-52.2667,24.02,100,34,0.51,GF,1726210934
118,ushuaia,-54.8,-68.3,-0.19,100,100,7.72,AR,1726210935
119,santyoku,37.4406,129.1708,25.98,92,100,1.83,KR,1726210937
120,bredasdorp,-34.5322,20.0403,14.64,72,97,3.75,ZA,1726210938
121,kas,36.2018,29.6377,29.46,50,0,4.26,TR,1726210940
122,xining,36.6167,101.7667,12.9,85,100,1.58,CN,1726210941
123,yura,-16.2522,-71.6797,11.02,24,11,0.25,PE,1726210942
124,waingapu,-9.6567,120.2641,30.1,53,4,8.14,ID,1726210943
125,port mathurin,-19.6833,63.4167,21.71,71,26,2.91,MU,1726210944
126,santa cruz,-17.8,-63.1667,22.7,83,85,2.06,BO,1726210945
127,chui,-33.6971,-53.4616,11.65,97,87,2.73,UY,1726210946
128,san luis,-33.295,-66.3356,15.03,37,100,3.91,AR,1726210947
129,fukuecho,32.6881,128.8419,30.2,79,20,3.09,JP,1726210948
130,nuuk,64.1835,-51.7216,4.93,93,100,5.14,GL,1726210950
131,halifax,44.6453,-63.5724,16.0,90,95,0.51,CA,1726210819
132,yerofey pavlovich,53.9667,121.9667,14.14,35,1,3.1,RU,1726210952
133,labrador city,52.9463,-66.9114,8.99,74,100,5.14,CA,1726210953
134,kamyshevatskaya,46.4132,37.9563,22.96,61,48,5.9,RU,1726210954
135,mitsamiouli,-11.3847,43.2844,25.5,74,41,2.23,KM,1726210955
136,lincoln city,44.9582,-124.0179,13.72,94,0,0.89,US,1726210956
137,jiazi,22.8779,116.067,30.87,69,51,5.07,CN,1726210957
138,mosjoen,65.836,13.1908,10.29,66,40,3.6,NO,1726210959
139,san patricio,28.017,-97.5169,25.97,79,0,2.46,US,1726210960
140,haiku-pauwela,20.9219,-156.3051,25.67,69,19,5.81,US,1726210961
141,greymouth,-42.4667,171.2,8.53,95,100,2.81,NZ,1726210965
142,hermanus,-34.4187,19.2345,16.0,77,2,2.38,ZA,1726210966
143,keflavik,64.0049,-22.5624,4.24,87,0,2.06,IS,1726210967
144,lata,40.1629,-8.3327,15.32,73,5,3.78,PT,1726210968
145,bamboo flat,11.7,92.7167,31.05,74,75,7.2,IN,1726210969
146,puerto colombia,10.9878,-74.9547,26.05,80,100,1.64,CO,1726210970
147,arraial do cabo,-22.9661,-42.0278,22.36,84,0,11.3,BR,1726210971
148,bilibino,68.0546,166.4372,6.34,60,61,2.43,RU,1726210972
149,san andres,12.5847,-81.7006,29.01,79,20,3.6,CO,1726210973
150,georgetown,5.4112,100.3354,29.96,70,20,3.6,MY,1726210843
151,aasiaat,68.7098,-52.8699,-3.46,83,100,2.66,GL,1726210976
152,diego de almagro,-26.3667,-70.05,10.14,64,0,0.81,CL,1726210977
153,kotabumi,-4.8333,104.9,30.51,57,88,5.25,ID,1726210978
154,saarijarvi,62.7049,25.254,14.41,95,100,0.88,FI,1726210979
155,broken hill,-31.95,141.4333,18.43,27,5,6.79,AU,1726210980
156,dunedin,-45.8742,170.5036,6.56,81,99,1.34,NZ,1726210873
157,goundam,16.4145,-3.6708,29.56,61,15,5.08,ML,1726210983
158,nanakuli,21.3906,-158.1547,26.97,71,0,2.06,US,1726210985
159,potosi,-19.5836,-65.7531,6.36,33,0,2.44,BO,1726210986
160,karratha,-20.7377,116.8463,34.12,26,0,5.66,AU,1726210987
161,shantobe,52.4581,68.1839,18.51,58,32,7.5,KZ,1726210988
162,sao jose da coroa grande,-8.8978,-35.1478,23.04,82,7,4.89,BR,1726210989
163,mahibadhoo,3.7833,72.9667,28.51,74,96,2.99,MV,1726210990
164,woodward,36.4337,-99.3904,20.51,56,0,4.63,US,1726210991
165,suva,-18.1416,178.4415,24.71,94,75,2.57,FJ,1726210992
166,afaahiti,-17.75,-149.2833,24.06,87,26,9.05,PF,1726210994
167,utrik,11.2278,169.8474,28.76,74,98,5.24,MH,1726210995
168,kollam,8.8833,76.6,27.61,78,39,4.94,IN,1726210996
169,jiaozuo,35.2397,113.2331,27.87,59,42,1.63,CN,1726210997
170,grand falls-windsor,48.9332,-55.6649,5.84,85,8,2.84,CA,1726210998
171,chonchi,-42.6128,-73.8092,7.29,99,100,0.69,CL,1726210999
172,sakaraha,-22.9,44.5333,28.79,30,0,2.03,MG,1726211000
173,langzhong,31.5504,105.9938,34.21,44,35,0.54,CN,1726211001
174,conde,-7.2597,-34.9075,20.7,100,40,2.57,BR,1726211004
175,kingston,17.997,-76.7936,28.53,89,75,1.03,JM,1726211005
176,cozumel,20.5083,-86.9458,25.53,92,100,2.9,MX,1726211006
177,yuza,39.0,139.9167,26.03,70,100,2.15,JP,1726211007
178,bathsheba,13.2167,-59.5167,26.34,89,75,7.72,BB,1726211008
179,gummi,12.1436,5.1081,24.33,87,68,0.9,NG,1726211009
180,talnakh,69.4865,88.3972,7.83,50,11,5.74,RU,1726211011
181,uturoa,-16.7333,-151.4333,26.2,82,8,8.52,PF,1726211012
182,kone,-21.0595,164.8658,22.11,83,99,1.43,NC,1726211013
183,cabedelo,-6.9811,-34.8339,21.37,77,6,4.89,BR,1726211014
184,la ronge,55.1001,-105.2842,13.14,88,100,4.63,CA,1726211015
185,ancud,-41.8697,-73.8203,8.36,92,100,2.97,CL,1726211016
186,mkushi,-13.6202,29.3939,26.41,28,0,5.85,ZM,1726211017
187,nacogdoches,31.6002,-94.6335,20.07,99,0,0.0,US,1726211018
188,mwingi,-0.9344,38.0601,24.63,48,56,3.83,KE,1726211020
189,baxter,46.3433,-94.2867,20.04,71,0,1.54,US,1726211021
190,perote,19.5667,-97.2333,14.95,91,100,1.02,MX,1726211022
191,kristiansund,63.1115,7.732,10.36,50,75,4.63,NO,1726211023
192,kayangel,8.0823,134.7173,28.87,77,100,12.39,PW,1726211024
193,iskateley,67.6803,53.1512,19.52,64,99,3.19,RU,1726211025
194,taunggyi,20.7833,97.0333,22.04,89,100,2.28,MM,1726211026
195,yaren,-0.5472,166.916,27.51,70,100,4.56,NR,1726211027
196,jiwani,25.05,61.7417,28.17,73,2,4.36,PK,1726211029
197,dwarka,22.2394,68.9678,28.25,71,98,8.02,IN,1726211030
198,northam,51.0333,-4.2167,10.03,72,5,0.78,GB,1726211031
199,pangody,65.85,74.4859,19.18,64,95,5.23,RU,1726211032
200,patnanungan,14.7833,122.1833,28.06,80,100,2.68,PH,1726211033
201,jamestown,42.097,-79.2353,16.8,96,0,1.54,US,1726211034
202,malaya vishera,58.8454,32.2222,21.24,47,100,4.5,RU,1726211035
203,aswan,24.0934,32.907,33.61,29,0,3.09,EG,1726211036
204,tamarin,-20.3256,57.3706,27.51,66,1,3.38,MU,1726211038
205,punta del este,-34.9667,-54.95,11.6,89,100,1.54,UY,1726211039
206,mao,39.8885,4.2658,18.31,59,20,11.32,ES,1726211040
207,lahad datu,5.0268,118.327,29.38,77,100,2.26,MY,1726211041
208,tolanaro,-25.0319,46.9987,22.04,64,75,7.2,MG,1726211042
209,thabazimbi,-24.5917,27.4116,27.47,23,0,2.93,ZA,1726211043
210,caldas novas,-17.7417,-48.625,20.52,47,0,1.32,BR,1726211044
211,limuru,-1.1,36.65,17.58,68,100,2.2,KE,1726211045
212,tazovsky,67.4667,78.7,10.34,93,100,5.13,RU,1726211047
213,luanda,-8.8368,13.2343,23.0,83,100,2.57,AO,1726211048
214,tual,-5.6667,132.75,26.34,81,49,9.07,ID,1726211049
215,xinmin,41.9908,122.8253,19.94,66,22,8.08,CN,1726211050
216,la'ie,21.6477,-157.9253,27.98,80,18,0.89,US,1726211051
217,lebu,-37.6167,-73.65,6.55,89,65,2.62,CL,1726211052
218,fort payne,34.4442,-85.7197,20.95,87,100,4.63,US,1726211053
219,beau vallon,-20.4189,57.6953,26.13,61,40,3.6,MU,1726211054
220,arkhangel'sk,64.5401,40.5433,18.06,77,40,3.0,RU,1726211056
221,douentza,14.9951,-2.9517,27.89,69,7,1.88,ML,1726211057
222,medicine hat,50.0501,-110.6683,11.24,87,100,7.2,CA,1726211012
223,brookings,44.3114,-96.7984,19.54,73,0,6.17,US,1726211059
224,hammerfest,70.6634,23.6821,12.25,62,0,6.69,NO,1726211060
225,bembereke,10.2283,2.6634,22.53,96,100,1.7,BJ,1726211061
226,whitehorse,60.7161,-135.0538,10.43,72,100,7.72,CA,1726211062
227,ozalp,38.6548,43.993,24.28,24,0,2.76,TR,1726211063
228,kailua-kona,19.6406,-155.9956,25.86,99,47,2.83,US,1726210907
229,alice springs,-23.7,133.8833,23.75,12,5,6.17,AU,1726211067
230,cooper's town,26.8667,-77.5167,28.63,75,100,4.4,BS,1726211068
231,kokuy,52.2037,117.5529,17.22,22,0,4.04,RU,1726211069
232,uniao da vitoria,-26.23,-51.0864,15.67,59,68,0.3,BR,1726211070
233,qaqortoq,60.7167,-46.0333,6.49,90,100,3.0,GL,1726211071
234,dubbo,-32.25,148.6167,18.07,45,2,3.09,AU,1726211072
235,akureyri,65.6835,-18.0878,-4.04,93,14,1.54,IS,1726211073
236,zalingei,12.9096,23.4741,26.36,62,50,2.89,SD,1726211075
237,luwuk,-0.9516,122.7875,26.89,59,1,4.52,ID,1726211078
238,trikala,39.5553,21.7675,24.09,55,97,1.06,GR,1726211079
239,salinas,36.6777,-121.6555,15.47,88,0,1.54,US,1726211080
240,moapa valley,36.5805,-114.4703,27.12,11,0,2.14,US,1726211082
241,castillos,-34.1667,-53.8333,10.58,94,74,2.1,UY,1726211083
242,yemva,62.59,50.8594,21.79,61,100,1.87,RU,1726211084
243,sines,37.9562,-8.8698,16.27,77,5,3.13,PT,1726211085
244,sassandra,4.95,-6.0833,23.56,91,100,2.11,CI,1726211086
245,kaka,37.3482,59.6143,30.16,11,0,2.94,TM,1726211087
246,ceeldheer,3.8488,47.1806,29.71,59,11,9.83,SO,1726211088
247,pedernales,18.0384,-71.744,28.14,69,7,1.19,DO,1726211089
248,andergrove,-21.0833,149.1833,22.72,72,100,4.15,AU,1726211090
249,bikaner,28.0167,73.3,35.53,38,5,8.29,IN,1726211092
250,tralee,52.2704,-9.7026,6.14,100,0,1.03,IE,1726211093
251,hailey,43.5196,-114.3153,6.92,70,0,4.47,US,1726211094
252,changuinola,9.4333,-82.5167,24.97,87,100,0.45,PA,1726211095
253,alta,69.9689,23.2717,12.59,72,40,3.6,NO,1726211096
254,taber,49.8167,-112.1518,10.0,100,100,6.69,CA,1726211097
255,guelmim,28.987,-10.0574,17.19,94,20,0.0,MA,1726211098
256,buurhakaba,2.8026,44.0781,28.63,53,61,6.69,SO,1726211099
257,fauske,67.2588,15.3918,13.86,70,13,3.42,NO,1726211100
258,longyearbyen,78.2186,15.6401,6.91,76,20,9.26,SJ,1726211102
259,taveta,-3.3963,37.6736,25.4,47,12,3.34,KE,1726211103
260,nago,26.5881,127.9761,25.62,95,100,4.53,JP,1726211104
261,hobyo,5.3505,48.5268,29.23,62,59,10.02,SO,1726211105
262,palmer,42.1584,-72.3287,14.13,87,100,0.0,US,1726211106
263,port augusta,-32.5,137.7667,17.53,38,0,7.46,AU,1726211107
264,acarau,-2.8856,-40.12,24.51,80,21,7.31,BR,1726210837
265,littlefield,33.9173,-102.3249,19.84,65,0,6.32,US,1726211109
266,sumbe,-11.2061,13.8437,22.16,84,9,1.9,AO,1726211111
267,macusani,-14.0833,-70.4333,-0.62,92,77,1.99,PE,1726211112
268,lompoc,34.6391,-120.4579,14.18,86,100,1.54,US,1726211113
269,salinopolis,-0.6136,-47.3561,26.73,79,6,7.25,BR,1726211114
270,touros,-5.1989,-35.4608,22.29,82,87,4.68,BR,1726211115
271,pagar alam,-4.0167,103.2667,26.87,65,98,1.54,ID,1726211116
272,saint-pierre,-21.3393,55.4781,21.82,88,100,6.17,RE,1726211117
273,dymer,50.7865,30.3026,21.32,71,12,4.9,UA,1726211118
274,yelm,46.942,-122.606,13.05,68,31,2.0,US,1726210922
275,sandnessjoen,66.0217,12.6316,10.23,71,75,9.77,NO,1726211121
276,nichinan,31.6,131.3667,28.48,77,6,5.13,JP,1726211122
277,punata,-17.55,-65.8333,9.87,78,66,3.14,BO,1726211123
278,port-vila,-17.7338,168.3219,26.78,74,40,4.63,VU,1726210844
279,bokovskaya,49.229,41.8306,25.43,25,100,8.43,RU,1726211125
280,ilebo,-4.3167,20.5833,28.28,63,53,1.59,CD,1726211126
281,northwood,40.4728,-83.7324,20.95,40,0,3.09,US,1726211127
282,hamamatsu,34.7,137.7333,30.57,69,0,3.58,JP,1726211128
283,tshabong,-26.05,22.45,24.95,9,0,0.74,BW,1726211129
284,cabo san lucas,22.8909,-109.9124,30.42,70,98,3.13,MX,1726210516
285,batalha,-9.6778,-37.1247,20.87,89,83,2.31,BR,1726211132
286,sao joao da barra,-21.6403,-41.0511,21.99,85,0,10.25,BR,1726211133
287,sinop,41.7711,34.8709,25.3,49,0,1.11,TR,1726211134
288,fort mcmurray,56.7268,-111.381,10.77,100,100,2.57,CA,1726211135
289,progreso,21.2833,-89.6667,27.76,91,83,3.99,MX,1726211136
290,hilo,19.7297,-155.09,23.4,99,20,2.06,US,1726211137
291,yanchep,-31.55,115.6833,24.91,41,0,2.78,AU,1726211138
292,zaranj,30.9667,61.8833,33.13,7,0,11.91,AF,1726210919
293,rawson,-43.3002,-65.1023,12.16,37,0,5.14,AR,1726211141
294,myeik,12.4333,98.6,29.14,75,100,2.86,MM,1726211142
295,patos,-7.0244,-37.28,21.26,77,8,4.99,BR,1726211143
296,morant bay,17.8815,-76.4093,27.39,83,100,2.45,JM,1726211144
297,nguigmi,14.2495,13.1092,28.28,54,100,3.22,NE,1726211145
298,barra do bugres,-15.0725,-57.1811,24.71,35,0,0.15,BR,1726211146
299,alotau,-10.3069,150.4462,26.79,74,80,2.55,PG,1726211147
300,lorengau,-2.0226,147.2712,27.95,79,37,3.83,PG,1726211149
301,arno,60.1167,18.6333,13.14,68,100,1.1,SE,1726211150
302,tsiombe,-25.3,45.4833,23.1,51,0,7.44,MG,1726211152
303,muroto-misakicho,33.2833,134.15,28.45,77,1,4.02,JP,1726211153
304,ugoofaaru,5.6667,73.0,28.09,77,100,4.59,MV,1726211154
305,at taj,24.2049,23.2857,31.01,22,0,4.45,LY,1726211155
306,walvis bay,-22.9575,14.5053,8.53,93,0,2.06,NA,1726211156
307,mount isa,-20.7333,139.5,29.87,10,5,5.66,AU,1726211157
308,princeton,25.5384,-80.4089,28.89,93,0,1.54,US,1726211159
309,salalah,17.0151,54.0924,30.05,74,75,5.14,OM,1726211160
310,tazacorte,28.629,-17.9293,21.54,78,75,7.2,ES,1726211161
311,puerto baquerizo moreno,-0.9,-89.6,20.77,87,93,3.42,EC,1726211162
312,backi petrovac,45.3606,19.5917,15.36,86,100,0.8,RS,1726211163
313,carnarvon,-24.8667,113.6333,28.02,49,3,8.01,AU,1726211164
314,tres valles,18.2406,-96.135,25.43,96,95,1.49,MX,1726211165
315,nova sintra,14.8667,-24.7167,26.22,79,100,10.5,CV,1726211166
316,klyuchi,52.2667,79.1667,14.24,54,100,6.03,RU,1726211168
317,sol'-iletsk,51.1631,54.9918,20.51,35,0,8.03,RU,1726211169
318,tvoroyri,61.5556,-6.8111,9.36,64,100,7.49,FO,1726211170
319,rio bonito,-22.7086,-42.6097,17.94,53,0,1.69,BR,1726211171
320,yuzhno-kurilsk,44.0306,145.8556,16.69,89,100,7.4,RU,1726211172
321,dien bien phu,21.3833,103.0167,29.65,77,23,1.19,VN,1726211173
322,namibe,-15.1961,12.1522,18.77,83,80,2.74,AO,1726211174
323,tamanrasset,22.785,5.5228,24.95,50,40,4.63,DZ,1726211139
324,filadelfia,39.9523,-75.1638,18.12,94,40,2.57,US,1726211177
325,nemuro,43.3236,145.575,19.57,76,100,2.76,JP,1726211178
326,galesong,-5.3166,119.3661,31.09,50,54,10.89,ID,1726211179
327,ghanzi,-21.5667,21.7833,26.39,20,0,1.12,BW,1726211180
328,maloye ganyushkino,46.6,49.2667,26.18,27,100,8.57,KZ,1726211181
329,koungou,-12.7336,45.2042,28.84,70,20,3.6,YT,1726211182
330,fortuna,40.5982,-124.1573,14.96,95,100,0.0,US,1726211185
331,puerto armuelles,8.2833,-82.8667,25.05,88,86,0.45,PA,1726211186
332,taro,-8.3862,115.28,29.05,36,21,3.82,ID,1726211187
333,karuri,-0.7,37.1833,24.66,49,100,1.67,KE,1726211188
334,middelburg,-25.7751,29.4648,26.03,19,0,4.95,ZA,1726211189
335,sile,41.1754,29.6133,26.41,53,0,1.59,TR,1726211190
336,am timan,11.0297,20.2827,22.72,95,100,1.73,TD,1726211191
337,iquitos,-3.7481,-73.2472,27.02,89,0,2.06,PE,1726211192
338,hithadhoo,-0.6,73.0833,28.79,73,100,2.77,MV,1726211194
339,memari,23.2,88.1167,33.63,60,100,5.01,IN,1726211195
340,okahao,-17.885,15.0667,24.97,16,50,4.93,NA,1726211196
341,crane,31.3974,-102.3501,25.93,50,0,6.03,US,1726211197
342,rosario del tala,-32.3029,-59.1455,9.68,92,97,2.33,AR,1726211198
343,insar,53.8653,44.3738,22.54,38,100,6.42,RU,1726211199
344,raduzhny,62.0961,77.475,17.88,63,95,3.21,RU,1726211200
345,crucecita,-28.95,-58.9833,14.87,87,100,2.65,AR,1726211201
346,geraldton,-28.7667,114.6,30.23,28,0,2.57,AU,1726211203
347,quang ngai,15.1167,108.8,33.11,51,83,4.78,VN,1726211204
348,porbandar,21.6422,69.6093,28.35,69,99,7.12,IN,1726211205
349,koumra,8.9126,17.5539,21.59,98,100,0.54,TD,1726211206
350,villa gesell,-37.2639,-56.973,8.32,88,58,5.03,AR,1726211207
351,puerto deseado,-47.7503,-65.8938,5.23,77,0,3.74,AR,1726211208
352,prince george,53.9166,-122.753,13.68,76,100,1.01,CA,1726211209
353,nueil-les-aubiers,46.9377,-0.5887,7.16,85,0,3.61,FR,1726211210
354,diebougou,10.9667,-3.25,23.04,95,99,2.43,BF,1726211212
355,karatuzskoye,53.6072,92.8667,14.76,57,80,1.92,RU,1726211214
356,trinidad,-14.8333,-64.9,26.74,41,67,1.96,BO,1726211215
357,thurso,58.5927,-3.5259,7.14,80,62,6.05,GB,1726211216
358,malibu,34.005,-118.8101,19.33,95,50,2.94,US,1726211115
359,zhezqazghan,47.7833,67.7667,17.32,39,0,9.0,KZ,1726211220
360,immokalee,26.4187,-81.4173,27.19,83,100,0.61,US,1726211221
361,rio verde,21.9333,-99.9833,21.72,94,100,1.58,MX,1726211222
362,lihue,21.9789,-159.3672,25.77,81,20,4.63,US,1726211049
363,santiago de cao,-7.9589,-79.2392,16.07,88,100,3.6,PE,1726211224
364,barranca,-10.75,-77.7667,15.69,90,78,3.63,PE,1726211225
365,itoman,26.1247,127.6694,30.21,84,75,5.66,JP,1726211226
366,severo-yeniseyskiy,60.3725,93.0408,11.16,79,93,2.66,RU,1726211228
367,country club estates,31.2127,-81.4643,26.01,96,100,3.09,US,1726211229
368,galle,6.0367,80.217,28.1,82,99,5.95,LK,1726211230
369,hue,16.4667,107.6,32.06,66,40,4.12,VN,1726211231
370,usogorsk,63.4106,48.6872,22.28,55,92,2.15,RU,1726211232
371,sept-iles,50.2001,-66.3821,11.7,91,100,0.25,CA,1726211233
372,sosnovo-ozerskoye,52.5249,111.5418,14.15,27,0,4.33,RU,1726211234
373,ventnor,50.5948,-1.2037,7.99,94,35,4.17,GB,1726211235
374,howard springs,-12.497,131.047,31.95,53,20,2.09,AU,1726211236
375,ponta delgada,37.7333,-25.6667,19.4,82,20,2.06,PT,1726211238
376,pacasmayo,-7.4006,-79.5714,16.31,90,98,4.13,PE,1726211240
377,karmaskaly,54.3709,56.1837,18.95,64,8,2.3,RU,1726211241
378,rongelap,11.1635,166.8941,28.84,75,100,4.19,MH,1726211242
379,magong,23.5654,119.5863,29.6,77,1,5.93,TW,1726211243
380,salida,37.7058,-121.0849,19.49,59,0,1.72,US,1726211244
381,ghat,24.9647,10.1728,30.28,47,100,5.46,LY,1726211245
382,gotsucho,35.0,132.2167,28.5,81,0,1.09,JP,1726211246
383,korenevo,55.6719,38.0078,23.8,43,0,6.0,RU,1726211248
384,mili,6.0815,171.735,28.75,72,100,1.2,MH,1726211249
385,holualoa,19.6228,-155.9522,23.79,99,52,2.77,US,1726211250
386,tongren,27.7172,109.1853,31.86,53,75,2.23,CN,1726211251
387,don luan,11.5333,106.9167,29.98,79,62,2.51,VN,1726211252
388,nar'yan-mar,67.6713,53.087,19.41,65,99,3.21,RU,1726211253
389,pudozh,61.8099,36.5345,20.48,55,96,3.37,RU,1726211254
390,bisignano,39.5059,16.2772,19.39,74,43,5.06,IT,1726211255
391,okha,53.5739,142.9478,10.27,67,100,10.91,RU,1726211257
392,diapaga,12.0708,1.7889,24.87,90,93,1.53,BF,1726211258
393,sao vicente,-23.9631,-46.3919,20.55,26,62,4.25,BR,1726211259
394,celestun,20.8667,-90.4,27.56,79,100,3.48,MX,1726211260
395,palembang,-2.9167,104.7458,33.05,52,40,2.57,ID,1726211261
396,miyaly,48.8844,53.7836,24.0,26,0,9.03,KZ,1726211262
397,kruisfontein,-34.0033,24.7314,16.87,72,16,8.42,ZA,1726211263
398,fedorovskiy,45.0972,40.9517,25.32,46,38,4.96,RU,1726211264
399,hotan,37.0997,79.9269,26.88,21,0,3.94,CN,1726211265
400,praia,14.9215,-23.5087,25.3,78,40,6.69,CV,1726211267
401,amga,60.8953,131.9608,8.14,68,34,5.24,RU,1726211268
402,belo jardim,-8.3356,-36.4242,18.72,92,100,3.7,BR,1726211269
403,nefteyugansk,61.0998,72.6035,18.55,59,89,5.36,RU,1726211270
404,eyl,7.9803,49.8164,31.79,44,18,10.27,SO,1726211271
405,cole harbour,44.6724,-63.4751,14.96,94,95,1.6,CA,1726211272
406,mizhhirya,48.5246,23.5056,18.63,74,12,1.33,UA,1726211273
407,conception bay south,47.4999,-52.9981,12.4,90,6,1.96,CA,1726211274
408,chernyshevskiy,63.0128,112.4714,1.7,99,100,1.78,RU,1726211276
409,road town,18.4167,-64.6167,27.91,79,63,5.52,VG,1726211277
410,mon,26.75,95.1,33.89,41,47,1.43,IN,1726211278
411,moires,35.0532,24.8744,27.34,74,1,2.24,GR,1726211279
412,mana,5.6592,-53.7767,25.35,89,17,4.33,GF,1726211280
413,fort bragg,35.139,-79.006,22.91,84,100,4.12,US,1726211281
414,altai,46.3722,96.2583,13.54,33,0,6.12,MN,1726211282
415,gunsan,35.9786,126.7114,30.94,70,75,4.12,KR,1726211283
416,gorshechnoye,51.5244,38.0365,24.48,25,97,8.76,RU,1726211286
417,bawku,11.0616,-0.2417,24.54,88,100,2.24,GH,1726211287
418,villa canas,-34.0057,-61.6076,9.96,10,100,2.92,AR,1726211288
419,ko pha ngan,9.7578,100.0291,25.54,78,100,7.12,TH,1726211289
420,mehndawal,26.9753,83.1117,31.88,66,89,3.67,IN,1726211290
421,christchurch,-43.5333,172.6333,8.3,86,100,5.14,NZ,1726211281
422,ambodifotatra,-16.9833,49.85,23.45,78,18,6.29,MG,1726211292
423,kavaratti,10.5669,72.642,27.01,82,100,4.33,IN,1726211294
424,barcelos,41.5388,-8.6151,14.44,83,0,2.65,PT,1726211295
425,papao,-17.75,-149.55,25.82,83,0,9.72,PF,1726211296
426,sambhal,28.5833,78.55,21.81,95,100,7.3,IN,1726211297
427,callao,-12.0667,-77.15,17.07,82,100,2.57,PE,1726211298
428,naze,28.3667,129.4833,25.51,87,100,7.78,JP,1726211299
429,consuegra,39.4625,-3.608,14.59,53,0,6.64,ES,1726211300
430,ulladulla,-35.35,150.4667,14.45,53,2,0.7,AU,1726211301
431,cartagena,10.3997,-75.5144,25.79,80,20,0.51,CO,1726211303
432,strezhevoy,60.7333,77.5889,19.44,58,32,3.66,RU,1726211304
433,furth,49.4759,10.9886,8.77,84,20,4.12,DE,1726211305
434,omaruru,-21.4333,15.9333,24.29,13,28,2.04,NA,1726211306
435,coquimbo,-29.9533,-71.3436,7.85,84,0,2.06,CL,1726211308
436,naracoorte,-36.9579,140.7383,14.47,66,55,5.35,AU,1726211309
437,loa janan,-0.583,117.095,32.56,38,84,3.59,ID,1726211310
438,yarmouth,41.7057,-70.2286,19.44,91,0,1.54,US,1726211312
439,amahai,-3.3333,128.9167,26.05,80,100,5.26,ID,1726211313
440,fabens,31.5023,-106.1586,26.23,22,5,3.82,US,1726211314
441,bodaybo,57.8506,114.1933,8.62,79,100,4.36,RU,1726211315
442,sinabang,2.4803,96.3801,29.1,68,89,2.35,ID,1726211316
443,ndele,8.4109,20.6473,21.79,97,100,1.39,CF,1726211317
444,polyarnyy,69.1989,33.4478,16.62,74,21,4.89,RU,1726211318
445,qaisumah,28.3112,46.1273,36.98,12,0,7.2,SA,1726211319
446,juneau,58.3019,-134.4197,12.0,95,100,8.75,US,1726211320
447,melo,-32.3667,-54.1833,11.68,98,100,4.18,UY,1726211322
448,aberdeen,57.1437,-2.0981,6.41,70,39,3.6,GB,1726211323
449,lucapa,-8.4192,20.7447,27.82,48,12,0.92,AO,1726211324
450,evron,48.1564,-0.3997,6.9,82,2,2.32,FR,1726211325
451,amarante do maranhao,-5.5667,-46.7422,22.73,54,5,2.07,BR,1726211326
452,el calafate,-50.3408,-72.2768,1.22,71,5,6.51,AR,1726211327
453,yeniseysk,58.4497,92.1703,9.93,74,100,1.34,RU,1726211328
454,ondjiva,-17.0667,15.7333,24.91,14,88,4.0,AO,1726211329
455,frontera,26.9333,-101.45,27.72,61,100,0.45,MX,1726211331
456,ceuta,35.8903,-5.3075,22.27,70,4,2.4,ES,1726211332
457,freetown,8.484,-13.2299,24.18,89,100,2.37,SL,1726211333
458,guiping,23.3925,110.0814,33.15,60,100,1.1,CN,1726211334
459,happy valley-goose bay,53.3168,-60.3315,11.63,75,100,1.84,CA,1726211335
460,mejit,10.2753,170.8646,28.42,82,100,6.51,MH,1726211336
461,meadow lakes,61.6247,-149.6011,9.93,96,100,0.0,US,1726211337
462,minot,48.2325,-101.2963,18.12,94,40,3.6,US,1726211338
463,port blair,11.6667,92.75,31.02,74,75,7.2,IN,1726211340
464,chibougamau,49.9168,-74.3659,13.74,98,13,1.78,CA,1726211341
465,igarka,67.4667,86.5833,6.86,85,99,6.51,RU,1726211342
466,yanbu,24.0891,38.0637,40.02,20,0,1.03,SA,1726211343
467,lisala,2.15,21.5167,24.79,79,100,1.25,CD,1726211344
468,serdar,38.9764,56.2757,30.34,11,2,5.4,TM,1726211345
469,la punta,-33.1837,-66.3127,14.76,38,100,4.12,AR,1726211346
470,seredyna-buda,52.189,34.0364,23.64,27,76,7.82,UA,1726211347
471,murzuq,25.9155,13.9184,32.85,25,49,5.38,LY,1726211348
472,camabatela,-8.1881,15.375,19.27,80,87,1.77,AO,1726211350
473,rouissat,31.9243,5.3502,29.11,30,0,2.47,DZ,1726211351
474,sisimiut,66.9395,-53.6735,2.52,88,13,1.71,GL,1726211352
475,jaisalmer,26.9147,70.9181,32.72,42,1,9.67,IN,1726211354
476,zahedan,29.4963,60.8629,29.95,11,0,3.09,IR,1726211355
477,barah,13.7,30.3667,30.86,47,28,3.61,SD,1726211356
478,praia da vitoria,38.7333,-27.0667,22.09,85,99,2.82,PT,1726211357
479,harstad,68.799,16.5293,12.31,84,98,8.94,NO,1726211359
480,tannum sands,-23.9504,151.3693,22.94,64,100,8.75,AU,1726211360
481,pisco,-13.7,-76.2167,15.57,82,13,1.03,PE,1726211361
482,ezine,39.7856,26.3408,26.99,56,8,5.94,TR,1726211363
483,nelson bay,-32.7167,152.15,13.95,90,6,2.24,AU,1726211364
484,inda silase,14.1031,38.2829,23.53,58,79,0.6,ET,1726211365
485,dubai,25.2582,55.3047,37.14,30,0,4.63,AE,1726210874
486,paramonga,-10.6667,-77.8333,16.5,89,70,3.66,PE,1726211368
487,el fasher,13.6279,25.3494,29.87,45,16,2.84,SD,1726211369
488,nizhneudinsk,54.9076,99.0276,13.43,53,6,2.21,RU,1726211370
489,punta gorda,26.9298,-82.0454,27.25,91,0,2.06,US,1726211296
490,xiva,41.3783,60.3639,27.71,18,0,9.52,UZ,1726211372
491,saldanha,-33.0117,17.9442,13.73,67,100,2.5,ZA,1726211373
492,zunyi,27.6867,106.9072,29.1,54,92,1.1,CN,1726211374
493,bara uchana,29.4667,76.1667,23.07,94,100,3.84,IN,1726211375
494,mount gambier,-37.8333,140.7667,13.16,69,93,4.06,AU,1726211377
495,male,4.1748,73.5089,28.26,75,99,3.2,MV,1726211378
496,oamaru,-45.0784,170.9801,5.21,94,100,1.44,NZ,1726211379
497,macapa,0.0389,-51.0664,27.99,83,75,6.17,BR,1726211226
498,gafargaon,24.4333,90.5667,35.3,49,100,5.4,BD,1726211381
499,san rafael,-34.6177,-68.3301,15.48,31,76,5.94,AR,1726211382
500,monywa,22.1167,95.1333,26.84,84,100,5.64,MM,1726211383
501,mata-utu,-13.2816,-176.1745,26.93,86,7,9.67,WF,1726211384
502,el abiodh sidi cheikh,32.893,0.5484,23.11,43,0,1.74,DZ,1726211386
503,bone south,16.2446,120.9958,27.01,81,54,0.71,PH,1726211387
504,kavieng,-2.5744,150.7967,28.36,73,100,1.14,PG,1726211389
505,dryden,49.7833,-92.7503,17.09,74,100,3.68,CA,1726211390
506,merke,42.8728,73.1786,18.17,32,100,3.41,KZ,1726211391
507,timbuktu,16.7735,-3.0074,29.87,58,27,4.71,ML,1726211392
508,las lomitas,-24.7096,-60.593,17.95,66,67,1.78,AR,1726211394
509,nantucket,41.2835,-70.0995,18.06,88,0,3.09,US,1726211395
510,marsala,37.7966,12.4352,23.07,65,54,10.72,IT,1726211396
511,kermit,31.8576,-103.0927,24.91,50,0,6.69,US,1726211397
512,karasuk,53.7377,78.0403,12.98,73,100,5.65,RU,1726211398
513,tangalle,6.024,80.7911,31.29,63,100,7.65,LK,1726211399
514,kerikeri,-35.2268,173.9474,14.39,79,100,1.56,NZ,1726211400
515,rio grande,-32.035,-52.0986,14.99,97,100,5.15,BR,1726211401
516,la passe,45.5549,-0.8967,10.4,77,0,4.47,FR,1726211402
517,laguna,38.421,-121.4238,19.47,64,0,3.09,US,1726211404
518,shingu,33.7333,135.9833,28.77,69,0,1.63,JP,1726211405
519,nyahururu,0.0421,36.3673,19.91,46,99,0.52,KE,1726211406
520,somerset east,-32.7217,25.588,19.23,22,0,1.15,ZA,1726211407
521,ejido,8.5514,-71.2375,18.33,86,93,3.08,VE,1726211408
522,ormara,25.2088,64.6357,26.75,83,12,9.19,PK,1726211409
523,lodja,-3.4833,23.4333,26.47,73,15,1.02,CD,1726211410
524,ilfracombe,51.2093,-4.1134,11.75,66,8,2.56,GB,1726211411
525,kuqa,41.7278,82.9364,25.34,21,25,0.25,CN,1726211412
526,mirabad,30.4362,61.8383,33.27,8,0,12.71,AF,1726211415
527,narvik,68.4384,17.4272,14.03,60,100,3.46,NO,1726211416
528,isangel,-19.55,169.2667,23.55,90,27,4.17,VU,1726211417
529,cape canaveral,28.4058,-80.6048,27.99,92,40,2.57,US,1726211418
530,tuchow,49.8949,21.0541,14.37,81,99,2.09,PL,1726211419
531,sambava,-14.2667,50.1667,26.08,56,69,6.54,MG,1726211421
532,aksu,41.1231,80.2644,25.12,23,75,1.25,CN,1726211422
